cycle,E_per_spin,M_per_spin
1,-1.4375,0.84375
2,-1.625,0.90625
3,-1.625,0.90625
4,-1.1875,0.75
5,-1.3125,0.6875
6,-1.4375,0.71875
7,-1.4375,0.8125
8,-1.5625,0.875
9,-1.5,0.84375
10,-1.3125,0.78125
11,-1,0.59375
12,-1.1875,0.625
13,-1.3125,0.5625
14,-0.9375,0.46875
15,-0.75,0.25
16,-0.8125,0.4375
17,-1.1875,0.625
18,-1.5,0.875
19,-1.625,0.90625
20,-1.5,0.84375
21,-1.5,0.84375
22,-1.125,0.71875
23,-1.4375,0.84375
24,-1.1875,0.75
25,-1.375,0.8125
26,-1.1875,0.71875
27,-1.5,0.84375
28,-1.6875,0.90625
29,-1.6875,0.90625
30,-1.875,0.96875
31,-1.75,0.9375
32,-1.875,0.96875
33,-2,1
34,-1.875,0.96875
35,-1.6875,0.90625
36,-1.4375,0.84375
37,-1.4375,0.6875
38,-1.0625,0.65625
39,-1.3125,0.71875
40,-1.6875,0.90625
41,-1.5625,0.875
42,-1.125,0.71875
43,-1.125,0.5
44,-0.9375,0.1875
45,-1.0625,0.375
46,-1.3125,0.65625
47,-1.375,0.65625
48,-1.25,0.5625
49,-1.3125,0.46875
50,-1,0.40625
51,-1.125,0.28125
52,-0.6875,-0.0625
53,-1.0625,0.3125
54,-1.0625,0.25
55,-0.9375,0.09375
56,-1.125,0.1875
57,-1.25,0.0625
58,-1.1875,0.03125
59,-1.0625,0.21875
60,-1,0.375
61,-1,0.4375
62,-0.625,0.375
63,-0.875,0.34375
64,-0.5625,0.0625
65,-0.8125,-0.1875
66,-0.8125,0.03125
67,-1.1875,-0.34375
68,-1.25,-0.53125
69,-1.125,-0.4375
70,-0.8125,-0.40625
71,-0.625,-0.03125
72,-0.75,0.3125
73,-0.75,0.25
74,-1.25,0.625
75,-1.4375,0.8125
76,-1.1875,0.71875
77,-1.4375,0.8125
78,-1.375,0.625
79,-1.4375,0.71875
80,-1.625,0.78125
81,-1.4375,0.6875
82,-0.8125,0.40625
83,-0.875,0.40625
84,-1.0625,0.5
85,-1.0625,0.65625
86,-1.4375,0.84375
87,-1.3125,0.75
88,-1.0625,0.5625
89,-1.125,0.625
90,-1.1875,0.625
91,-0.875,0.21875
92,-1,0.21875
93,-1,0.15625
94,-1.25,0.125
95,-0.9375,0.125
96,-1.1875,-0.03125
97,-1.0625,-0.0625
98,-0.9375,0.125
99,-0.75,0.28125
100,-0.6875,0.09375
101,-0.875,-0.25
102,-1.25,-0.21875
103,-1.125,-0.375
104,-1,-0.40625
105,-1.25,-0.625
106,-1.25,-0.53125
107,-1.1875,-0.65625
108,-1.5,-0.78125
109,-1.375,-0.78125
110,-1.125,-0.625
111,-1.1875,-0.71875
112,-1.625,-0.875
113,-1.75,-0.9375
114,-1.875,-0.96875
115,-1.6875,-0.90625
116,-1.5625,-0.84375
117,-1.75,-0.9375
118,-1.75,-0.9375
119,-1.625,-0.90625
120,-1.5,-0.84375
121,-1.4375,-0.8125
122,-1.5,-0.84375
123,-1.25,-0.71875
124,-1.6875,-0.90625
125,-1.6875,-0.875
126,-1.6875,-0.90625
127,-1.6875,-0.90625
128,-1.875,-0.96875
129,-1.625,-0.90625
130,-1.8125,-0.9375
131,-2,-1
132,-1.875,-0.96875
133,-2,-1
134,-2,-1
135,-1.5625,-0.875
136,-1.75,-0.9375
137,-2,-1
138,-2,-1
139,-1.875,-0.96875
140,-1.625,-0.90625
141,-1.625,-0.90625
142,-2,-1
143,-1.75,-0.9375
144,-1.125,-0.6875
145,-1.1875,-0.5625
146,-0.9375,-0.46875
147,-1.0625,-0.5
148,-1,-0.4375
149,-0.9375,-0.5625
150,-1.4375,-0.84375
151,-1.3125,-0.8125
152,-1.25,-0.5625
153,-1.375,-0.625
154,-1.4375,-0.78125
155,-1.0625,-0.53125
156,-1.125,-0.5625
157,-1.75,-0.9375
158,-1.875,-0.96875
159,-1.875,-0.96875
160,-1.6875,-0.90625
161,-1.75,-0.9375
162,-1.625,-0.90625
163,-1.625,-0.90625
164,-1.75,-0.9375
165,-1.875,-0.96875
166,-2,-1
167,-1.375,-0.78125
168,-1.4375,-0.75
169,-1.4375,-0.6875
170,-1.1875,-0.5625
171,-1.4375,-0.6875
172,-1.25,-0.625
173,-1.5625,-0.75
174,-1.4375,-0.8125
175,-1.375,-0.8125
176,-1.6875,-0.90625
177,-0.875,-0.625
178,-0.625,-0.375
179,-0.375,-0.3125
180,-0.375,-0.25
181,-0.5,-0.4375
182,-0.8125,-0.625
183,-0.75,-0.15625
184,-0.875,-0.25
185,-0.8125,-0.34375
186,-0.9375,-0.21875
187,-0.9375,-0.25
188,-0.9375,-0.40625
189,-0.875,-0.4375
190,-0.875,-0.53125
191,-1.125,-0.53125
192,-1.25,-0.65625
193,-1.4375,-0.78125
194,-1.4375,-0.8125
195,-1.125,-0.71875
196,-1.8125,-0.9375
197,-2,-1
198,-1.8125,-0.9375
199,-1.5,-0.78125
200,-1.75,-0.9375
201,-2,-1
202,-2,-1
203,-1.625,-0.90625
204,-1.375,-0.8125
205,-1.625,-0.90625
206,-2,-1
207,-1.875,-0.96875
208,-1.875,-0.96875
209,-2,-1
210,-1.4375,-0.84375
211,-1.625,-0.875
212,-1.625,-0.90625
213,-1.8125,-0.9375
214,-1.6875,-0.90625
215,-1.625,-0.875
216,-1.3125,-0.78125
217,-1.4375,-0.8125
218,-1.625,-0.875
219,-1.75,-0.90625
220,-2,-1
221,-2,-1
222,-1.875,-0.96875
223,-1.625,-0.875
224,-1.375,-0.8125
225,-1.375,-0.75
226,-1.3125,-0.6875
227,-1.125,-0.6875
228,-1.3125,-0.65625
229,-1.5625,-0.78125
230,-1.3125,-0.75
231,-1.375,-0.71875
232,-1.375,-0.8125
233,-1.125,-0.625
234,-1.125,-0.625
235,-1.4375,-0.8125
236,-1.4375,-0.75
237,-1.5625,-0.875
238,-1.3125,-0.65625
239,-1.1875,-0.5625
240,-1.1875,-0.6875
241,-1,-0.53125
242,-1.0625,-0.625
243,-1.125,-0.6875
244,-1.25,-0.75
245,-1.4375,-0.78125
246,-1.5,-0.8125
247,-1.5625,-0.84375
248,-1.875,-0.96875
249,-1.875,-0.96875
250,-1.375,-0.75
251,-1.125,-0.71875
252,-1.3125,-0.6875
253,-1.75,-0.90625
254,-1.625,-0.875
255,-1.75,-0.875
256,-1.6875,-0.90625
257,-1.75,-0.9375
258,-1.75,-0.9375
259,-1.8125,-0.9375
260,-1.875,-0.96875
261,-2,-1
262,-2,-1
263,-2,-1
264,-2,-1
265,-1.75,-0.9375
266,-1.5625,-0.875
267,-1.25,-0.8125
268,-1.375,-0.78125
269,-1.4375,-0.78125
270,-1.4375,-0.78125
271,-1.5,-0.84375
272,-1.625,-0.90625
273,-1.75,-0.9375
274,-1.6875,-0.90625
275,-1.75,-0.9375
276,-1.375,-0.8125
277,-1.1875,-0.625
278,-0.9375,-0.625
279,-1,-0.34375
280,-1.0625,0
281,-1.1875,-0.09375
282,-1.125,0
283,-1.25,0.0625
284,-1.125,0.1875
285,-0.9375,0.09375
286,-1.0625,0.03125
287,-1.125,0.03125
288,-0.9375,-0.28125
289,-1.0625,-0.40625
290,-0.875,-0.125
291,-1.1875,-0.28125
292,-1.25,-0.5625
293,-1.3125,-0.5625
294,-1.25,-0.65625
295,-1.4375,-0.59375
296,-1.25,-0.59375
297,-1.4375,-0.71875
298,-1.375,-0.65625
299,-1.25,-0.65625
300,-1.375,-0.59375
301,-1.0625,-0.40625
302,-1.25,-0.40625
303,-0.75,-0.46875
304,-1.125,-0.59375
305,-0.9375,-0.46875
306,-1.0625,-0.5
307,-1.1875,-0.46875
308,-1.25,-0.5625
309,-1.0625,-0.5625
310,-0.9375,-0.46875
311,-1.375,-0.8125
312,-1.75,-0.90625
313,-1.375,-0.78125
314,-1.1875,-0.75
315,-1.125,-0.625
316,-1.3125,-0.6875
317,-1.5,-0.84375
318,-1.5,-0.78125
319,-1.6875,-0.84375
320,-1.875,-0.96875
321,-1.875,-0.96875
322,-1.5,-0.84375
323,-1.375,-0.78125
324,-1.4375,-0.84375
325,-1.5625,-0.875
326,-1.75,-0.875
327,-1.5,-0.84375
328,-1.4375,-0.84375
329,-1.3125,-0.78125
330,-1.1875,-0.71875
331,-1.6875,-0.90625
332,-1.875,-0.96875
333,-1.875,-0.96875
334,-1.875,-0.96875
335,-1.625,-0.90625
336,-1.625,-0.875
337,-1.5,-0.875
338,-1.75,-0.9375
339,-1.75,-0.9375
340,-1.625,-0.90625
341,-1.75,-0.875
342,-1.6875,-0.90625
343,-1.875,-0.96875
344,-1.5,-0.875
345,-1.25,-0.75
346,-1.25,-0.75
347,-1.6875,-0.90625
348,-1.875,-0.96875
349,-1.875,-0.96875
350,-1.5625,-0.84375
351,-1.625,-0.90625
352,-1.4375,-0.84375
353,-1.625,-0.875
354,-1.75,-0.9375
355,-1.75,-0.9375
356,-1.8125,-0.9375
357,-1.75,-0.9375
358,-1.625,-0.8125
359,-1.625,-0.78125
360,-1.5,-0.84375
361,-1.625,-0.90625
362,-1.625,-0.875
363,-1.5625,-0.875
364,-1.4375,-0.8125
365,-1.5,-0.84375
366,-1.6875,-0.90625
367,-1.25,-0.75
368,-1.3125,-0.8125
369,-1.375,-0.8125
370,-1.625,-0.90625
371,-1.5,-0.84375
372,-1.4375,-0.84375
373,-1.6875,-0.875
374,-1.75,-0.90625
375,-2,-1
376,-2,-1
377,-1.6875,-0.90625
378,-1.5625,-0.875
379,-1.875,-0.96875
380,-1.6875,-0.90625
381,-1.6875,-0.90625
382,-1.875,-0.96875
383,-1.875,-0.96875
384,-1.625,-0.90625
385,-1.625,-0.875
386,-1.5,-0.875
387,-1.375,-0.8125
388,-1.625,-0.875
389,-1.75,-0.9375
390,-1.75,-0.9375
391,-1.375,-0.84375
392,-1.25,-0.71875
393,-1.5,-0.78125
394,-1.25,-0.75
395,-1.4375,-0.78125
396,-1.4375,-0.84375
397,-1.5625,-0.84375
398,-1.625,-0.78125
399,-1.625,-0.90625
400,-2,-1
401,-1.875,-0.96875
402,-1.75,-0.9375
403,-1.875,-0.96875
404,-1.5625,-0.875
405,-1.75,-0.9375
406,-1.6875,-0.90625
407,-2,-1
408,-2,-1
409,-1.875,-0.96875
410,-1.8125,-0.9375
411,-1.5625,-0.84375
412,-1.6875,-0.8125
413,-1.625,-0.84375
414,-1.4375,-0.75
415,-1.5,-0.78125
416,-1.6875,-0.875
417,-1.75,-0.9375
418,-1.375,-0.78125
419,-1.5,-0.875
420,-1.5625,-0.78125
421,-1.5,-0.625
422,-1.5,-0.78125
423,-1.5625,-0.8125
424,-1.8125,-0.9375
425,-1.625,-0.90625
426,-2,-1
427,-2,-1
428,-1.8125,-0.9375
429,-2,-1
430,-1.375,-0.84375
431,-1.5625,-0.875
432,-1.3125,-0.71875
433,-1.5,-0.75
434,-1.5,-0.84375
435,-1.375,-0.8125
436,-1.5,-0.84375
437,-1.5,-0.84375
438,-1.375,-0.8125
439,-1.3125,-0.8125
440,-1.375,-0.75
441,-1.375,-0.8125
442,-1.1875,-0.6875
443,-1.1875,-0.71875
444,-1,-0.5625
445,-1.125,-0.4375
446,-1.125,-0.3125
447,-1.1875,-0.1875
448,-1.1875,-0.0625
449,-1.375,-0.15625
450,-0.9375,-0.15625
451,-0.8125,-0.46875
452,-1,-0.625
453,-0.8125,-0.625
454,-1.375,-0.75
455,-1.5625,-0.875
456,-1.75,-0.9375
457,-1.625,-0.90625
458,-1.5,-0.84375
459,-1.625,-0.78125
460,-1.3125,-0.625
461,-1.5,-0.78125
462,-1.3125,-0.71875
463,-1.5625,-0.78125
464,-1.5,-0.84375
465,-1.875,-0.96875
466,-1.875,-0.96875
467,-1.75,-0.9375
468,-1.75,-0.9375
469,-2,-1
470,-2,-1
471,-1.875,-0.96875
472,-1.4375,-0.8125
473,-1.5625,-0.78125
474,-1.375,-0.8125
475,-1.625,-0.84375
476,-1.4375,-0.8125
477,-1.25,-0.8125
478,-1.375,-0.8125
479,-1.125,-0.625
480,-1.25,-0.65625
481,-1.3125,-0.75
482,-1.3125,-0.65625
483,-1.75,-0.90625
484,-1.6875,-0.90625
485,-1.75,-0.9375
486,-1.75,-0.9375
487,-1.6875,-0.875
488,-1.5625,-0.84375
489,-1.625,-0.84375
490,-1.625,-0.90625
491,-1.5,-0.84375
492,-1.625,-0.90625
493,-1.75,-0.90625
494,-1.625,-0.90625
495,-1.75,-0.9375
496,-1.375,-0.78125
497,-1.3125,-0.71875
498,-1.375,-0.75
499,-1.375,-0.8125
500,-1.6875,-0.90625
501,-1.75,-0.9375
502,-1.8125,-0.9375
503,-1.5625,-0.84375
504,-1.4375,-0.8125
505,-1.4375,-0.78125
506,-1.375,-0.75
507,-1.4375,-0.84375
508,-1.3125,-0.75
509,-1.5,-0.84375
510,-1.375,-0.8125
511,-1.6875,-0.90625
512,-1.125,-0.59375
513,-1.1875,-0.75
514,-1.5,-0.84375
515,-1.6875,-0.90625
516,-1.5625,-0.875
517,-1.875,-0.96875
518,-2,-1
519,-1.875,-0.96875
520,-2,-1
521,-1.6875,-0.875
522,-1.75,-0.875
523,-1.75,-0.90625
524,-1.625,-0.90625
525,-1.625,-0.875
526,-1.5625,-0.875
527,-1.5,-0.78125
528,-1.25,-0.75
529,-1.3125,-0.78125
530,-1.125,-0.65625
531,-1.1875,-0.6875
532,-1.4375,-0.8125
533,-1.8125,-0.9375
534,-1.875,-0.96875
535,-1.625,-0.875
536,-1.625,-0.90625
537,-1.5,-0.875
538,-1.6875,-0.8125
539,-1.5625,-0.84375
540,-1.4375,-0.75
541,-1.875,-0.96875
542,-1.8125,-0.9375
543,-1.8125,-0.9375
544,-1.6875,-0.90625
545,-1.5,-0.78125
546,-1.5625,-0.8125
547,-1.4375,-0.75
548,-1.4375,-0.78125
549,-1.5625,-0.84375
550,-1.625,-0.75
551,-1.5,-0.75
552,-1.375,-0.78125
553,-1.625,-0.875
554,-2,-1
555,-2,-1
556,-1.875,-0.96875
557,-1.875,-0.96875
558,-1.8125,-0.9375
559,-2,-1
560,-1.6875,-0.90625
561,-1.5,-0.84375
562,-1.625,-0.90625
563,-1.6875,-0.90625
564,-1.8125,-0.9375
565,-1.75,-0.90625
566,-1.5625,-0.875
567,-1.75,-0.9375
568,-1.625,-0.90625
569,-2,-1
570,-1.75,-0.9375
571,-1.875,-0.96875
572,-1.75,-0.9375
573,-1.875,-0.96875
574,-1.625,-0.90625
575,-1.75,-0.9375
576,-2,-1
577,-1.875,-0.96875
578,-1.6875,-0.90625
579,-1.5625,-0.84375
580,-1.5625,-0.8125
581,-1.4375,-0.78125
582,-1.375,-0.8125
583,-1.625,-0.90625
584,-1.875,-0.96875
585,-1.875,-0.96875
586,-1.875,-0.96875
587,-1.875,-0.96875
588,-1.75,-0.90625
589,-1.5,-0.8125
590,-1.3125,-0.8125
591,-1.625,-0.90625
592,-1.5625,-0.84375
593,-1.75,-0.9375
594,-1.75,-0.9375
595,-1.4375,-0.8125
596,-1.375,-0.75
597,-1.375,-0.75
598,-1.1875,-0.5625
599,-1.3125,-0.71875
600,-1.25,-0.65625
601,-1.25,-0.75
602,-1.1875,-0.71875
603,-1.625,-0.84375
604,-1.25,-0.6875
605,-1.3125,-0.6875
606,-1.4375,-0.71875
607,-1.5,-0.8125
608,-1.5,-0.78125
609,-1.375,-0.78125
610,-1.375,-0.75
611,-1.4375,-0.71875
612,-1.5,-0.71875
613,-1.1875,-0.53125
614,-1.5,-0.8125
615,-1.8125,-0.9375
616,-1.625,-0.90625
617,-1.5,-0.84375
618,-1.3125,-0.71875
619,-1.5,-0.84375
620,-1.75,-0.9375
621,-2,-1
622,-1.875,-0.96875
623,-1.625,-0.90625
624,-1.875,-0.96875
625,-1.8125,-0.9375
626,-1.5625,-0.875
627,-1.6875,-0.8125
628,-1.5,-0.78125
629,-1.1875,-0.75
630,-1,-0.625
631,-1.375,-0.6875
632,-1.5,-0.75
633,-1.0625,-0.53125
634,-1.125,-0.5625
635,-1.375,-0.59375
636,-1.25,-0.6875
637,-1.5,-0.84375
638,-1.6875,-0.875
639,-1.6875,-0.90625
640,-1.875,-0.96875
641,-1.4375,-0.84375
642,-1.625,-0.90625
643,-1.875,-0.96875
644,-1.75,-0.9375
645,-1.875,-0.96875
646,-2,-1
647,-1.875,-0.96875
648,-1.75,-0.9375
649,-2,-1
650,-2,-1
651,-1.875,-0.96875
652,-1.875,-0.96875
653,-1.75,-0.9375
654,-1.5,-0.875
655,-1.25,-0.8125
656,-1.4375,-0.84375
657,-1.75,-0.9375
658,-1.75,-0.9375
659,-1.875,-0.96875
660,-1.75,-0.90625
661,-1.875,-0.96875
662,-0.875,-0.59375
663,-1.1875,-0.75
664,-1.3125,-0.78125
665,-1.5625,-0.84375
666,-1.8125,-0.9375
667,-1.875,-0.96875
668,-1.875,-0.96875
669,-1.6875,-0.90625
670,-1.8125,-0.9375
671,-1.8125,-0.9375
672,-1.875,-0.96875
673,-1.5625,-0.875
674,-1.625,-0.8125
675,-1.5625,-0.8125
676,-1.25,-0.75
677,-1.8125,-0.9375
678,-1.8125,-0.9375
679,-1.875,-0.96875
680,-2,-1
681,-1.875,-0.96875
682,-1.75,-0.9375
683,-1.6875,-0.90625
684,-2,-1
685,-2,-1
686,-1.875,-0.96875
687,-1.75,-0.9375
688,-1.6875,-0.90625
689,-1.75,-0.9375
690,-1.75,-0.9375
691,-1.625,-0.90625
692,-1.625,-0.90625
693,-1.625,-0.90625
694,-1.75,-0.90625
695,-1.6875,-0.90625
696,-1.375,-0.78125
697,-1.0625,-0.625
698,-1,-0.46875
699,-1.0625,-0.5
700,-1.25,-0.375
