L,T,E_per_spin_mean,E_per_spin_stderr,abs_M_per_spin_mean,abs_M_per_spin_stderr,acceptance_rate_mean
2,0.25,-2.0,0.0,1.0,0.0,0.0
2,0.5,-2.0,0.0,1.0,0.0,0.0
2,0.75,-2.0,0.0,1.0,0.0,0.0
2,1.0,-1.9777777777777779,0.018986674989594544,0.5322222222222223,0.23943586443766596,0.0075
2,1.25,-1.981111111111111,0.01645232543884543,0.9929166666666666,0.006468406123441687,0.009166666666666667
2,1.5,-1.9444444444444446,0.025754059969998362,0.21583333333333332,0.07525919717389537,0.02416666666666667
2,1.75,-1.9072222222222222,0.0222013791140979,0.18791666666666665,0.059171067911419156,0.04583333333333334
2,1.8,-1.8150000000000002,0.040046269535422445,0.3151388888888889,0.15987359976317092,0.08291666666666667
2,1.9,-1.8255555555555556,0.01841731606027862,0.4008333333333333,0.1473398377146445,0.07458333333333333
2,2.0,-1.7644444444444443,0.01587956214217388,0.2623611111111111,0.1760116810973523,0.1075
2,2.1,-1.7966666666666666,0.019220937657784643,0.14444444444444446,0.07842648618016684,0.11
2,2.2,-1.6883333333333332,0.050194067821251985,0.08166666666666668,0.0484678444377759,0.14291666666666666
2,2.3,-1.7183333333333335,0.028915585954829143,0.18458333333333332,0.035949424350204984,0.15291666666666667
2,2.4,-1.59,0.043853713048590905,0.09194444444444444,0.04143360746013426,0.18999999999999997
2,2.5,-1.568888888888889,0.02357677241546997,0.08083333333333333,0.025279685520195855,0.20958333333333334
2,2.6,-1.5761111111111112,0.027034500134658735,0.11263888888888889,0.02157611061759547,0.21437499999999998
2,2.7,-1.4877777777777776,0.029834936849105657,0.1486111111111111,0.010133179518813124,0.2629166666666667
2,2.8,-1.462777777777778,0.022655498337892994,0.10041666666666665,0.03465437816389043,0.26333333333333336
2,3.0,-1.4105555555555558,0.020734952896134973,0.13333333333333333,0.03713323733281027,0.29583333333333334
2,3.25,-1.278888888888889,0.03111111111111112,0.07944444444444444,0.03921564116963638,0.34062499999999996
2,3.5,-1.2061111111111111,0.04098705004760575,0.11388888888888889,0.039604770023849094,0.38562499999999994
2,4.0,-1.126111111111111,0.05841528634708857,0.10083333333333333,0.04714290724704729,0.4527083333333333
2,4.5,-0.9183333333333333,0.034007079872895314,0.09097222222222222,0.031384279405893015,0.5516666666666667
2,5.0,-0.7011111111111111,0.037097635610659,0.04222222222222222,0.022766341980223655,0.6085416666666666
4,0.25,-2.0,0.0,1.0,0.0,0.0
4,0.5,-2.0,0.0,1.0,0.0,0.0
4,0.75,-2.0,0.0,1.0,0.0,0.0
4,1.0,-1.9940972222222222,0.0015983540675672,0.9985243055555556,0.0003995885168917913,0.0014583333333333334
4,1.25,-1.9844444444444445,0.0024579311504033794,0.99609375,0.0006008424472455635,0.004375
4,1.5,-1.9373263888888888,0.01014864981536189,0.9815711805555555,0.003913313444039997,0.013958333333333335
4,1.75,-1.8829166666666666,0.01848694229964157,0.7260243055555556,0.24157264597387126,0.03718749999999999
4,1.8,-1.8636979166666665,0.013615815956272797,0.7735503472222223,0.19165001150305058,0.04114583333333333
4,1.9,-1.7799479166666667,0.013229986851215446,0.64875,0.24833198063401626,0.06286458333333333
4,2.0,-1.7306249999999999,0.0334010677908919,0.9126649305555556,0.011958318336429187,0.07770833333333334
4,2.1,-1.7013020833333332,0.015942123285482918,0.4253385416666666,0.24374553587213754,0.09182291666666666
4,2.2,-1.564340277777778,0.03731776386138637,0.581111111111111,0.12614734967367458,0.14104166666666668
4,2.3,-1.5046180555555555,0.019861202165680977,0.5278211805555556,0.22036751427507825,0.15260416666666668
4,2.4,-1.4925868055555558,0.04211522157727639,0.6300347222222222,0.1272215638937244,0.18041666666666667
4,2.5,-1.4654340277777778,0.04955217870925661,0.34697916666666667,0.1832773277973809,0.21161458333333336
4,2.6,-1.2420833333333332,0.04930169194564934,0.14282118055555557,0.06693019801532461,0.2615625
4,2.7,-1.2300694444444444,0.028979828985694893,0.12144097222222221,0.012681786627711206,0.2891666666666666
4,2.8,-1.180625,0.05117325547685568,0.12571180555555556,0.10504921846706011,0.31197916666666664
4,3.0,-0.9500173611111111,0.031733390010684544,0.085625,0.030801538335228505,0.4002604166666666
4,3.25,-0.8317881944444445,0.022581880921844513,0.08154513888888888,0.021977301570857595,0.45593749999999994
4,3.5,-0.7148611111111111,0.040274601018161174,0.10928819444444444,0.04389516450248734,0.5208854166666668
4,4.0,-0.6109027777777778,0.01830975078644937,0.04796006944444444,0.03131215005171801,0.5916666666666667
4,4.5,-0.5394791666666667,0.008433801915918146,0.08690972222222222,0.04066946999963386,0.6300520833333333
4,5.0,-0.43081597222222223,0.01904148273424011,0.031371527777777776,0.014525588905404285,0.6830729166666667
8,0.25,-2.0,0.0,1.0,0.0,0.0
8,0.5,-2.0,0.0,1.0,0.0,0.0
8,0.75,-1.99978515625,0.00015936455277049182,0.9999462890625,3.9841138192622954e-05,5.7291666666666666e-05
8,1.0,-1.9970184616815476,0.0005098652666175219,0.9992296781994049,0.0001430661247226883,0.0007604166666666666
8,1.25,-1.9845821707589286,0.0008339112606840588,0.9959129696800595,0.00027470044992114674,0.004286458333333334
8,1.5,-1.9536583891369048,0.0015564547798223578,0.9872322591145833,0.0005401449126699218,0.013463541666666667
8,1.75,-1.8838192894345236,0.002662796158585041,0.9659225027901784,0.0009517735079600659,0.033692708333333335
8,1.8,-1.8620821707589288,0.0010142609815185363,0.9582776460193453,0.0005931312901284322,0.04065625
8,1.9,-1.8103564453125,0.006115980795360132,0.9394524274553572,0.002618091964177117,0.058546875000000005
8,2.0,-1.7492613002232142,0.007995575628185836,0.9145868210565476,0.0040513360016270795,0.07748177083333332
8,2.1,-1.6774221075148812,0.009192905284901248,0.7551206752232144,0.12384871674710447,0.10324218749999999
8,2.2,-1.6031219773065475,0.009470250455917859,0.7737294224330356,0.08219346164237186,0.13062500000000002
8,2.3,-1.4596254185267856,0.023185271805748656,0.6125906808035714,0.10736123197106236,0.18488802083333333
8,2.4,-1.3259207589285713,0.027960620602593595,0.23573544456845233,0.05394869077586966,0.23188802083333335
8,2.5,-1.2328676060267858,0.010871953752196087,0.23102039155505957,0.0730841722078042,0.27637500000000004
8,2.6,-1.1390006510416668,0.028373446447912183,0.14760219029017857,0.0739503205736313,0.3130338541666667
8,2.7,-1.0463783482142857,0.019859450727916513,0.09279401506696427,0.03299879140020274,0.35501562500000006
8,2.8,-0.9724046688988094,0.013827629778849654,0.09125964936755952,0.02963091230413465,0.3902005208333334
8,3.0,-0.8527548363095239,0.013911304463767047,0.0642085193452381,0.016820743305272723,0.447484375
8,3.25,-0.7374525669642856,0.005208294337120163,0.051017136346726194,0.010661369418337624,0.5059453125000001
8,3.5,-0.6701774088541667,0.006468914653990032,0.04956635974702381,0.012369100524846544,0.5452682291666666
8,4.0,-0.5573960658482143,0.004322751883361438,0.016867792038690477,0.0058599132269304246,0.60740625
8,4.5,-0.48162574404761904,0.00481141182739971,0.022303176153273815,0.005521882919417597,0.656296875
8,5.0,-0.4311848958333333,0.004349537080850748,0.004554966517857143,0.0015362263604122017,0.6920468750000001
16,0.25,-2.0,0.0,1.0,0.0,0.0
16,0.5,-1.999998508029514,1.4919704861190062e-06,0.9999996270073784,3.7299262152975154e-07,6.510416666666667e-06
16,0.75,-1.9998372395833333,3.26054453573641e-05,0.9999593098958334,8.151361339337678e-06,2.604166666666667e-05
16,1.0,-1.9968145073784722,0.000523170345201044,0.9991895209418403,0.00013585692365351992,0.0008203125
16,1.25,-1.9843842230902775,0.000447518087776011,0.9958584933810765,0.00016576927720571999,0.004287109375
16,1.5,-1.9535284423828125,0.00313195793309778,0.9871306694878473,0.0010268164151664304,0.012978515625000001
16,1.75,-1.877027384440104,0.010934231103745489,0.9627649943033854,0.0039263243011438765,0.03498697916666666
16,1.8,-1.8638751220703125,0.004780913404546572,0.9591015285915798,0.0014040030405679522,0.04070963541666667
16,1.9,-1.8175396728515623,0.0015280306054807203,0.9420906914605034,0.0005996432061088927,0.05565104166666667
16,2.0,-1.7526392957899306,0.011572035443873804,0.9152069430881076,0.00542069035547697,0.07930013020833333
16,2.1,-1.654314439561632,0.010698675000107665,0.8582467990451389,0.01340264799549889,0.11238932291666666
16,2.2,-1.5330231391059028,0.012295254574053149,0.7829805840386285,0.012737816875279064,0.15097981770833332
16,2.3,-1.3923183865017361,0.06740902365721323,0.6476262410481771,0.11438533593600886,0.2031640625
16,2.4,-1.2518780517578125,0.04912107302757478,0.3585502454969618,0.16843636236656487,0.2570703125
16,2.5,-1.1871349419487849,0.025421582988738985,0.34615380181206595,0.1262742428675184,0.284619140625
16,2.6,-1.0600780571831596,0.018568527784218525,0.20136888292100694,0.029994779704129792,0.34296223958333333
16,2.7,-0.9546367051866319,0.017954165822058533,0.07431711832682292,0.019357875463861675,0.3762076822916667
16,2.8,-0.9138672553168403,0.006908742063645214,0.02819007025824653,0.02276486936629236,0.40751953125
16,3.0,-0.8110314263237847,0.008608659033879492,0.06195214165581597,0.020354528632773733,0.459873046875
16,3.25,-0.7305451795789931,0.008228620694599767,0.017742106119791667,0.011395618289950253,0.5009309895833333
16,3.5,-0.6669300672743055,0.011142122963721383,0.03252811008029514,0.01354295781726417,0.5424414062499999
16,4.0,-0.5598194715711805,0.0035305778777699253,0.00805877685546875,0.002029110740261195,0.6078483072916666
16,4.5,-0.4826675754123264,0.006652822829652887,0.014095662434895831,0.0073760467959105135,0.6560774739583334
16,5.0,-0.4257373046875,0.004253470680880969,0.0038585747612847224,0.0016135847902502805,0.6917740885416667
32,0.25,-2.0,0.0,1.0,0.0,0.0
32,0.5,-2.0,0.0,1.0,0.0,0.0
32,0.75,-1.9998447163899742,6.164055564136446e-05,0.9999611790974935,1.541013891031047e-05,4.3945312500000005e-05
32,1.0,-1.9971798578898114,0.00019895015656009904,0.9992851448059081,5.4978060143378336e-05,0.00077880859375
32,1.25,-1.9849033186170788,0.00035093733602194,0.996036900414361,8.67604079648272e-05,0.00385986328125
32,1.5,-1.953764313591851,0.0007074159524909766,0.9873042954338921,0.00021342930006563107,0.013029785156250001
32,1.75,-1.8797484885321722,0.002530531723934276,0.9642245165506997,0.0007403650229464643,0.03464925130208333
32,1.8,-1.8586493301391602,0.003897965135470886,0.9567566511366103,0.0013889002085690327,0.0413134765625
32,1.9,-1.8086101235283747,0.002625122817320447,0.9387356334262424,0.0010685221696736386,0.05724365234375
32,2.0,-1.7474799558851455,0.0006745079105448715,0.9121416600545248,0.0015893653987190445,0.07904052734374999
32,2.1,-1.661626336839464,0.002404392586914054,0.8715233018663194,0.002424482174915196,0.10634765625000002
32,2.2,-1.5525125842624241,0.004891729570430299,0.8007081582811143,0.006368432768089538,0.14603841145833332
32,2.3,-1.3997785653008357,0.0333542888398712,0.6426761711968316,0.0783043283377536,0.2021866861979167
32,2.4,-1.2226437081231012,0.03646780990067324,0.339116391075982,0.13076807234961288,0.26420735677083335
32,2.5,-1.1110481686062281,0.01096627453232664,0.15760645548502605,0.02712053192319426,0.31171630859375005
32,2.6,-1.0288060633341471,0.006183432233618838,0.06118768903944228,0.05004520693930797,0.3518359375
32,2.7,-0.9576534186469184,0.011405570154351282,0.045971535576714406,0.008915853203210745,0.3834244791666666
32,2.8,-0.9122908994886609,0.0030575013272775725,0.017716471354166666,0.0025378354010107775,0.40819661458333334
32,3.0,-0.8139775297376844,0.005159505027123776,0.0174859258863661,0.005510308936687212,0.4576432291666667
32,3.25,-0.7285797924465602,0.004387305365000891,0.02942424986097548,0.003377244981577248,0.50549560546875
32,3.5,-0.6530927742852105,0.0034987311225511894,0.007134600745307075,0.003056315747130017,0.5462329101562501
32,4.0,-0.5634438027275933,0.0007027102930700488,0.002895751529269748,0.0018894814340672036,0.6056168619791666
32,4.5,-0.4843068228827582,0.002357971814127826,0.0044181357489691845,0.003385525129447379,0.6536637369791667
32,5.0,-0.4285746637980143,0.0011845481536759412,0.005681593153211806,0.002365596959791593,0.6906868489583333
